232,aðhafst,,a:ðhafst,a:ðhavst,a:Dhavsd,
448,afgreiðslustúlka,,avkreiðstlʏstulkan,avkreiðstlʏstulka,avgreiDsdlYsdulkan,avgreiDsdlYsdulka
585,aflögu,,avlœɣðʏ,avlœɣʏ,avl9GDY,avl9GY
916,Albertssonar,,alper̥tsɔ:nar,alpɛr̥tsɔ:nar,albEr0dsO:nar,
986,Alexanders,,a:lɛksanter̥s,a:lɛksantɛr̥s,a:lEgsandEr0s,
989,Alexandersson,,a:lɛksanter̥sɔ:n,a:lɛksantɛr̥sɔ:n,a:lEgsandEr0sO:n,
1299,Alþingishúsið,,alθiɲcshu:sɪð,alθiɲcɪshu:sɪð,alTiJJ_shu:sID,alTiJJ_Ishu:sID
1385,Ameríkanarnir,,a:mɛrikan:atnɪr,a:mɛrika:natnɪr,a:mErikan:adnIr,a:mErika:nadnIr
1790,argentínska,,arkɛntinskra,arkɛntinska,argEntinsgra,argEntinsga
1855,Arnarnesi,,artnarne:sɪ,artnarnɛ:sɪ,ardnarnE:sI,
1856,Arnarnesvog,,artnarnesvɔ:ɣ,artnarnɛsvɔ:ɣ,ardnarnEsvO:G,
1857,Arnarnesvogi,,artnarnesvɔ:jɪ,artnarnɛsvɔ:jɪ,ardnarnEsvO:jI,
1858,Arnarnesvogi,,artnarnesvɔi:jɪ,artnarnɛsvɔi:jɪ,ardnarnEsvOi:jI,
1944,atburða,,a:tʏrða,a:tpʏrða,a:dYrDa,a:dbYrDa
2045,Atlantshafsbandalagsins,,ahtlantshavspantalaijɪð,ahtlantshavspantalaxsɪns,ahdlandshavsbandalaijID,ahdlandshavsbandalaxsIns
2055,Atli,,athtlɪ,ahtlɪ,athdlI,ahdlI
2165,auðlindagjald,,œyðlɪntacalts,œyðlɪntacalt,9yDlIndaJ_alds,9yDlIndaJ_ald
2168,auðlindanefndar,,œyðlɪntnɛmtar,œyðlɪntanɛmtar,9yDlIndnEmdar,9yDlIndanEmdar
2171,auðlindarentu,,œyðlɪntrɛn̥tʏ,œyðlɪntarɛn̥tʏ,9yDlIndrEn0dY,9yDlIndarEn0dY
2172,auðlindarentu,,œyðlɪntrɛntʏ,œyðlɪntarɛntʏ,9yDlIndrEntY,9yDlIndarEntY
2273,auglýsingastofur,,œyɣlisiŋkstɔ:vʏr,œyɣlisiŋkastɔ:vʏr,9yGlisiNgsdO:vYr,9yGlisiNgasdO:vYr
2445,Austurbæjarbíói,,œystʏrpaijapi:jouɪ,œystʏrpaijarpi:jouɪ,9ysdYrbaijabi:jouI,9ysdYrbaijarbi:jouI
2702,ágætir,,au:caitɪ,au:caitɪr,au:J_aidI,au:J_aidIr
2723,áherslurnar,,au:hɛr̥stlʏnar,au:hɛr̥stlʏtnar,au:hEr0sdlYnar,au:hEr0sdlYdnar
2783,áhugaleysið,,au:hʏɣalei:sɪ,au:hʏɣalei:sɪð,au:hYGalei:sI,au:hYGalei:sID
2834,áhættuíþróttir,,au:haihtʏi:θrouhtɪtnar,au:haihtʏi:θrouhtɪr,au:haihdYi:TrouhdIdnar,au:haihdYi:TrouhdIr
2896,ákveðnar,,au:kvɛðna,au:kvɛðnar,au:kvEDna,au:kvEDnar
2975,Álfholti,,aulfhol̥tɪ,aulfhɔl̥tɪ,aulfhol0dI,aulfhOl0dI
3205,áreiðanlega,,au:raiðanlɛɣa,au:reiðanlɛɣa,au:raiDanlEGa,au:reiDanlEGa
3301,Árnes,,aurnes,aurnɛs,aurnEs,
3302,Árneshreppi,,aurnesr̥ɛhpɪ,aurnɛsr̥ɛhpɪ,aurnEsr0EhbI,
3303,Árnesi,,aurnesɪ,aurnɛsɪ,aurnEsI,
3432,Ásgerði,,auscerðɪ,auscɛrðɪ,ausJ_ErDI,
3458,Áskelsson,,auscelsɔ:n,auscɛlsɔ:n,auscElsO:n,
3460,Áskelssonar,,auscelsɔ:nar,auscɛlsɔ:nar,auscElsO:nar,
4274,barnauppeldi,,patnaʏhpeltɪ,patnaʏhpɛltɪ,badnaYhbEldI,
4365,batteríið,,pahterijɪð,pahtɛrijɪð,bahdErijID,
4366,batteríin,,pahterijɪn,pahtɛrijɪn,bahdErijIn,
4458,beggja,,pɛcA,pɛca,bEJ_A,bEJ_a
4495,beinhörðum,,pein:hœrðʏm,pei:nhœrðʏm,bein:h9rDYm,bei:nh9rDYm
4733,Bernharðsson,bernharðssonar,pɛrnharðsɔ:nar,,bErnharDsO:nar,
5243,bjórskegg,,pjour̥scek,pjour̥scɛk,bjour0sJ_Eg,
5357,blaðaúrklippu,,pla:ða#urkl̥ɪhpʏ,pla:ða urkl̥ɪhpʏ,bla:Da#urkl0IhbY,bla:Da#sil#urkl0IhbY
5922,borðstofu,,pɔrðstɔvʏ///,pɔrðstɔvʏ,bOrDsdOvY///,bOrDsdOvY
6133,bókaskápnum,,pou:kskauhpnʏm,pou:kaskauhpnʏm,bou:gsgauhbnYm,bou:gasgauhbnYm
6136,bókaútgáfan,,pou:ka#utkauvan,pou:ka utkauvan,bou:ga#udgauvan,bou:ga#sil#udgauvan
6137,bókaútgáfu,,pou:ka#utkauvʏ,pou:ka utkauvʏ,bou:ga#udgauvY,bou:ga#sil#udgauvY
6138,bókaútgefenda,,pou:ka#utcɛvɛnta,pou:ka utcɛvɛnta,bou:ga#udJ_EvEnda,bou:ga#sil#udJ_EvEnda
6345,bráðabirgðaákvæði,,prau:ðapɪrða#aukvai:ðɪ,prau:ðapɪrða aukvai:ðɪ,brau:DabIrDa#aukvai:DI,brau:DabIrDa#sil#aukvai:DI
6665,brjóstahaldarann,,prjoustahaltaranʏm,prjoustahaltaran,brjousdahaldaranYm,brjousdahaldaran
6981,bs,,pjɛ: es,pjɛ: ɛs,bjE:#sil#Es,
7206,Bústaðasafn,,pu:staðɪ,pu:staðasapn̥,bu:sdaDI,bu:sdaDasabn0
7723,daglegar,,taɣlɛɣrar,taɣlɛɣar,daGlEGrar,daGlEGar
8056,dátasjónvarpsins,,tau:tasjounvar̥p,tau:tasjounvar̥psɪns,dau:dasjounvar0b,dau:dasjounvar0bsIns
8150,Delta,,tel̥ta,tɛl̥ta,dEl0da,
8154,demókratar,,tɛ:moukra:tɪ,tɛ:moukra:tar,dE:moukra:dI,dE:moukra:dar
8363,Djúpuvík,,tjup:ʏvik,tju:pʏvik,djub:Yvig,dju:bYvig
8509,dómurunum,,tou:mɔrɔnʏm,tou:mʏrɔnʏm,dou:mOrOnYm,dou:mYrOnYm
8595,Drangsnesi,,trauŋsne:sɪ,trauŋsnɛ:sɪ,drauNsnE:sI,
8710,drekka,,trehka,trɛhka,drEhga,
8743,drepa,,tre:pa,trɛ:pa,drE:ba,
9218,dægurmálaútvarp,,tai:ɣʏrmaula#u:tvar̥p,tai:ɣʏrmaula u:tvar̥p,dai:GYrmaula#u:dvar0b,dai:GYrmaula#sil#u:dvar0b
9220,dægurmálaútvarpi,,tai:ɣʏrmaula#u:tvar̥pɪ,tai:ɣʏrmaula u:tvar̥pɪ,dai:GYrmaula#u:dvar0bI,dai:GYrmaula#sil#u:dvar0bI
9222,dægurmálaútvarps,,tai:ɣʏrmaula#u:tvar̥ps,tai:ɣʏrmaula u:tvar̥ps,dai:GYrmaula#u:dvar0bs,dai:GYrmaula#sil#u:dvar0bs
9224,dægurmálaútvarpsins,,tai:ɣʏrmaula#u:tvar̥psɪns,tai:ɣʏrmaula u:tvar̥psɪns,dai:GYrmaula#u:dvar0bsIns,dai:GYrmaula#sil#u:dvar0bsIns
9430,efnahagslegar,,ɛpnahaxstlɛɣrar,ɛpnahaxstlɛɣar,EbnahaxsdlEGrar,EbnahaxsdlEGar
10011,einhvernveginn,einhvernveginn (einhvurneginn??),eiŋ̊kʏtneijɪn,,eiN0gYdneijIn,
10036,einhæft,,ei:naift,ei:nhaift,ei:naifd,ei:nhaifd
10063,einkaeignarrétti,,eiŋ̊kaeiknarjɛhktɪ,eiŋ̊kaeiknarjɛhtɪ,eiN0gaeignarjEhgdI,eiN0gaeignarjEhdI
10064,einkaeignarrétti,,eiŋkaeiknarjɛhktɪ,eiŋkaeiknarjɛhtɪ,eiNkaeignarjEhgdI,eiNkaeignarjEhdI
10414,EJS,,ɛ: jɔ:ð es,ɛ: jɔ:ð ɛs,E:#sil#jO:D#sil#Es,
10424,ekkert,,ɛhcer̥t,ɛhcɛr̥t,EhJ_Er0d,
10474,eldflaugavarnakerfi,,ɛltflœyɣavartnarcɛrvɪ,ɛltflœyɣavartnacɛrvɪ,Eldfl9yGavardnarcErvI,Eldfl9yGavardnacErvI
11037,ennfremur,,enfrɛmʏr,ɛnfrɛmʏr,EnfrEmYr,
11150,erindrekar,,ɛ:rɪntrɛ:ka,ɛ:rɪntrɛ:kar,E:rIndrE:ga,E:rIndrE:gar
11208,ert,,er̥t,ɛr̥t,Er0d,
11213,ertu,,er̥tʏ,ɛr̥tʏ,Er0dY,
11214,eru,,e:rʏ,ɛ:rʏ,E:rY,
11216,erum,,e:rʏm,ɛ:rʏm,E:rYm,
11396,Eyjafjallahreppi,,ei:jafjatlar̥ehpɪ,ei:jafjatlar̥ɛhpɪ,ei:jafjadlar0EhbI,
11983,fatnaður,,fahtnaðɪ,fahtnaðʏr,fahdnaDI,fahdnaDYr
12119,fátækir,,fai:taicɪr,fau:taicɪr,fai:taiJ_Ir,fau:taiJ_Ir
12254,fellihýsið,,fɛtlɪhi:sɪ,fɛtlɪhi:sɪð,fEdlIhi:sI,fEdlIhi:sID
12467,ferskar,,fɛr̥skan,fɛr̥skar,fEr0sgan,fEr0sgar
12534,félagasamtökum,,fjɛ:laɣsamtœkʏm,fjɛ:laɣasamtœkʏm,fjE:laGsamt9gYm,fjE:laGasamt9gYm
12539,félagins,,fjɛ:laɣsɪns,fjɛ:laɣɪns,fjE:laGsIns,fjE:laGIns
12629,fiðla,,fðɪla,fɪðla,fDIla,fIDla
12657,filman,,fɪlma,fɪlman,fIlma,fIlman
13057,fjallshlíðina,,fjalsl̥iðɪnɪ,fjalsl̥iðɪna,fjalsl0iDInI,fjalsl0iDIna
13108,fjarlægir,,fjarlaijɪ,fjarlaijɪr,fjarlaijI,fjarlaijIr
13253,fjármagnsgjöld,,fjaurmakscœlð,fjaurmakscœlt,fjaurmagsJ_9lD,fjaurmagsJ_9ld
13625,flakinu,,fja:cɪnʏ,fla:cɪnʏ,fja:J_InY,fla:J_InY
13857,flokksþinginu,,flɔhxsθiɲcɪnʏ,flɔxsθiɲcɪnʏ,flOhxsTiJJ_InY,flOxsTiJJ_InY
13867,flokkurinn,,flɔkhʏrɪn,flɔhkʏrɪn,flOghYrIn,flOhgYrIn
13870,Flosadóttur,,flo:satouhtʏr,flɔ:satouhtʏr,flo:sadouhdYr,flO:sadouhdYr
13957,Flóventsson,,flou:ven̥tsɔ:n,flou:vɛn̥tsɔ:n,flou:vEn0dsO:n,
13958,Flóventsson,,flou:ventsɔ:n,flou:vɛntsɔ:n,flou:vEntsO:n,
14974,framkvæmdavaldinu,,framkvaimtavaltɪʏ,framkvaimtavaltɪnʏ,framkvaimdavaldIY,framkvaimdavaldInY
15175,frankinn,,fran̥cɪn,fraŋ̊cɪn,fran0J_In,fraN0J_In
15176,frankinn,,fraun̥cɪn,frauŋ̊cɪn,fraun0J_In,frauN0J_In
15177,frankinn,,frauncɪn,frauŋcɪn,frauncIn,frauNcIn
15292,frelsað,,frɛLsað,frɛlsað,frELsaD,frElsaD
15529,frímerkið,,fri:mer̥cɪð,fri:mɛr̥cɪð,fri:mEr0J_ID,
15612,fróðlegur,,frouðleɣʏr,frouðlɛɣʏr,frouDlEGYr,
16004,fundarherbergi,,fʏntarhɛrpɪcɪ,fʏntarhɛrpɛcɪ,fYndarhErbIJ_I,fYndarhErbEJ_I
16005,fundarherbergið,,fʏntarhɛrpɪcɪð,fʏntarhɛrpɛcɪð,fYndarhErbIJ_ID,fYndarhErbEJ_ID
16006,fundarherberginu,,fʏntarhɛrpɪcɪnʏ,fʏntarhɛrpɛcɪnʏ,fYndarhErbIJ_InY,fYndarhErbEJ_InY
16192,fyndin,,fɪtɪn,fɪntɪn,fIdIn,fIndIn
16965,Garðaholti,,karðahol̥tɪ,karðahɔl̥tɪ,garDahol0dI,garDahOl0dI
17149,geðlæknir,,cɛðlaihknɪs,cɛðlaihknɪr,J_EDlaihgnIs,J_EDlaihgnIr
17280,geisladisk,,ceistlatɪst,ceistlatɪsk,J_eisdladIsd,J_eisdladIsg
17465,gestaherbergi,,cɛstahɛrpɪcɪ,cɛstahɛrpɛcɪ,J_EsdahErbIJ_I,J_EsdahErbEJ_I
17466,gestaherbergið,,cɛstahɛrpɪcɪð,cɛstahɛrpɛcɪð,J_EsdahErbIJ_ID,J_EsdahErbEJ_ID
17467,gestaherberginu,,cɛstahɛrpɪcɪnʏ,cɛstahɛrpɛcɪnʏ,J_EsdahErbIJ_InY,J_EsdahErbEJ_InY
18027,glitti,,klɪhta,klɪhtɪ,glIhda,glIhdI
18652,Grenjaðarstað,,krɛnjatarsta:ð,krɛnjaðarsta:ð,grEnjadarsda:D,grEnjaDarsda:D
19245,guðsótta,,kvʏðsouht,kvʏðsouhta,gvYDsouhd,gvYDsouhda
19270,Gufunesi,,kʏ:vʏne:sɪ,kʏ:vʏnɛ:sɪ,gY:vYnE:sI,
19427,gúanófyrirtæki,,ku:anofɪ:rɪtaicɪ,ku:anoufɪ:rɪtaicɪ,gu:anofI:rItaiJ_I,gu:anoufI:rItaiJ_I
19516,Gylfa,,cɪlvɪ,cɪlva,J_IlvI,J_Ilva
19734,Hafnahúsinu,,hapnarhu:sɪnʏ,hapnahu:sɪnʏ,habnarhu:sInY,habnahu:sInY
20015,Hallgrímur,,hatl̥krimɪ,hatl̥krimʏr,hadl0grimI,hadl0grimYr
20477,hádegið,,hau:teijɪs,hau:teijɪð,hau:deijIs,hau:deijID
20698,Háskólaútgáfan,,hau:skoulau:tkauvan,hau:skoula u:tkauvan,hau:sgoulau:dgauvan,hau:sgoula#sil#u:dgauvan
20880,hegningalaga,hegningarlaga,hɛkniŋkarla:ɣa,,hEgniNgarla:Ga,
21008,heilbrigðisstéttir,,heilprɪɣðɪsjɛhtɪr,heilprɪɣðɪstjɛhtɪr,heilbrIGDIsjEhdIr,heilbrIGDIsdjEhdIr
21969,hestaíþróttir,,hɛstai:θrouhtɪr,hɛsta i:θrouhtɪr,hEsdai:TrouhdIr,hEsda#sil#i:TrouhdIr
22121,hiklaust,,hɪ:klaust,hɪ:klœyst,hI:glausd,hI:gl9ysd
22342,hjartagæsku,,çar̥tacaisɣʏ,çar̥tacaiskʏ,Car0daJ_aisGY,Car0daJ_aisgY
22504,hjólhýsi,,çou:lisɪ,çou:lhisɪ,Cou:lisI,Cou:lhisI
23555,hótelherbergið,,hou:tɛlhɛrpɛcɪ,hou:tɛlhɛrpɛcɪð,hou:tElhErbEJ_I,hou:tElhErbEJ_ID
23567,hótelstjórinn,,hou:tɛlstjou:rɪ,hou:tɛlstjou:rɪn,hou:tElsdjou:rI,hou:tElsdjou:rIn
23659,hrappur,,r̥aphʏr,r̥ahpʏr,r0abhYr,r0ahbYr
23693,hraustmenni,,r̥œytsmɛnɪ,r̥œystmɛnɪ,r09ydsmEnI,r09ysdmEnI
23943,hringsnerust,,r̥iŋkstnjɛrʏst,r̥iŋkstnɛrʏst,r0iNgsdnjErYsd,r0iNgsdnErYsd
24013,hrjóstruga,,r̥joustʏɣa,r̥joustrʏɣa,r0jousdYGa,r0jousdrYGa
24391,hugsaðar,,hʏksaðar,,hYgsaðar,hYgsaDar
24392,hugsaðar,,hʏxsaðar,,hYxsaðar,hYxsaDar
24569,hundraðkall,,hʏntrakatl̥,hʏntraðkatl̥,hYndrakadl0,hYndraDkadl0
24761,húsveggnum,,hu:svɛk,hu:svɛknʏm,hu:svEg,hu:svEgnYm
24969,Hverfisgötu,,kvɛrvɪskœ:ðʏ,kvɛrvɪskœ:tʏ,kvErvIsg9:DY,kvErvIsg9:dY
24970,Hverfisgötu,,xvɛrvɪskœ:ðʏ,xvɛrvɪskœ:tʏ,xvErvIsg9:DY,xvErvIsg9:dY
24971,Hverfisgötuna,,kvɛrvɪskœ:ðʏna,kvɛrvɪskœ:tʏna,kvErvIsg9:DYna,kvErvIsg9:dYna
24972,Hverfisgötuna,,xvɛrvɪskœ:ðʏna,xvɛrvɪskœ:tʏna,xvErvIsg9:DYna,xvErvIsg9:dYna
24973,Hverfisgötunni,,kvɛrvɪskœ:ðʏnɪ,kvɛrvɪskœ:tʏnɪ,kvErvIsg9:DYnI,kvErvIsg9:dYnI
24974,Hverfisgötunni,,xvɛrvɪskœ:ðʏnɪ,xvɛrvɪskœ:tʏnɪ,xvErvIsg9:DYnI,xvErvIsg9:dYnI
25342,hvæsti,,kvaistʏ,kvaistɪ,kvaisdY,kvaisdI
25343,hvæsti,,xvaistʏ,xvaistɪ,xvaisdY,xvaisdI
25391,hyperlinkurinn,,hɛi:pɛrliŋkʏrɪn,hei:pɛrliŋkʏrɪn,hei:bErliNkYrIn,
25754,hörkulegt,,hœr̥kʏɛxt,hœr̥kʏlɛxt,h9r0gYExd,h9r0gYlExd
25764,hörmungum,,hœrmuŋkɔnʏm,hœrmuŋkʏm,h9rmuNgOnYm,h9rmuNgYm
26134,innileik,,ɪnɪlɛik,ɪnɪleik,InIleig,
26135,innileika,,ɪnɪlɛika,ɪnɪleika,InIleiga,
26143,innkaup,,ɪŋkaup,ɪŋkœyp,INkaub,INk9yb
26144,innkaupa,,ɪŋkaupa,ɪŋkœypa,INkauba,INk9yba
26146,innkaupastjóri,,ɪŋkaupastjou:rɪ,ɪŋkœypastjou:rɪ,INkaubasdjou:rI,INk9ybasdjou:rI
26148,innkaupastofnunar,,ɪŋkaupastɔpnʏnar,ɪŋkœypastɔpnʏnar,INkaubasdObnYnar,INk9ybasdObnYnar
26149,innkaupum,,ɪŋkaupʏm,ɪŋkœypʏm,INkaubYm,INk9ybYm
26800,jakkafötunum,,jahkafœ:tɔnʏn,jahkafœ:tɔnʏm,jahgaf9:dOnYn,jahgaf9:dOnYm
27067,jólasveininum,,jou:lasvneinɪnʏm,jou:lasveinɪnʏm,jou:lasvneinInYm,jou:lasveinInYm
27163,jöðruð,,jœðrʏt,jœðrʏð,j9DrYd,j9DrYD
27438,kankvís,,kan̥kvis,kaŋ̊kvis,kan0gvis,kaN0gvis
27439,kankvís,,kaun̥kvis,kauŋ̊kvis,kaun0gvis,kauN0gvis
27440,kankvís,,kaunkvis,kauŋkvis,kaunkvis,kauNkvis
27441,kankvíslega,,kan̥kvistlɛɣa,kaŋ̊kvistlɛɣa,kan0gvisdlEGa,kaN0gvisdlEGa
27442,kankvíslega,,kaun̥kvistlɛɣa,kauŋ̊kvistlɛɣa,kaun0gvisdlEGa,kauN0gvisdlEGa
27443,kankvíslega,,kaunkvistlɛɣa,kauŋkvistlɛɣa,kaunkvisdlEGa,kauNkvisdlEGa
27705,kassalaga,,kasalaɣ:a,kasala:ɣa,kasalaG:a,kasala:Ga
27920,Keflavík,,cɛplav:ik,cɛplavik,cEblav:ig,cEblavig
27922,Keflavíkur,,cɛplav:ikʏr,cɛplavikʏr,cEblav:igYr,cEblavigYr
27930,Keflavíkurverktakar,,cɛplav:ikʏrvɛr̥takar,cɛplavikʏrvɛr̥takar,cEblav:igYrvEr0tagar,cEblavigYrvEr0tagar
27976,kemur,,cɛ:myr,cɛ:mʏr,cE:myr,cE:mYr
28073,kennurunum,,cɛnʏrʏnʏm,cɛnʏrɔnʏm,cEnYrYnYm,cEnYrOnYm
28330,kirkjugarðsfélaginu,,cɪr̥cʏkar̥ðsfjɛl:aiɪnʏ,cɪr̥cʏkar̥ðsfjɛ:laijɪnʏ,cIr0J_Ygar0DsfjEl:aiInY,cIr0J_Ygar0DsfjE:laijInY
28331,kirkjugarðsfélaginu,,cɪr̥cʏkarðsfjɛ:laiɪnʏ,cɪr̥cʏkarðsfjɛ:laijɪnʏ,cIr0J_YgarDsfjE:laiInY,cIr0J_YgarDsfjE:laijInY
28378,kirkjuturninn,,cɪr̥cʏtʏrtnɪnʏm,cɪr̥cʏtʏrtnɪn,cIr0J_YtYrdnInYm,cIr0J_YtYrdnIn
28492,kjallaraíbúð,,catlarai:puð,catlara i:puð,cadlarai:buD,cadlara#sil#i:buD
28493,kjallaraíbúðinni,,catlarai:puðɪnɪ,catlara i:puðɪnɪ,cadlarai:buDInI,cadlara#sil#i:buDInI
28520,kjarki,,ca0rcɪ,car̥cɪ,ca0rJ_I,car0J_I
28544,Kjarnorkusprengjan,,cartnor̥kʏspreiɲcan,cartnɔr̥kʏspreiɲcan,cardnor0gYsbreiJJ_an,cardnOr0gYsbreiJJ_an
29108,kofaveggina,,ko:vavɛcɪna,kɔ:vavɛcɪna,ko:vavEJ_Ina,kO:vavEJ_Ina
29506,Kópavogs,,kou:pavoxs,kou:pavɔxs,kou:bavoxs,kou:bavOxs
29509,Kópavogsbæ,,kou:pavoxspai:,kou:pavɔxspai:,kou:bavoxsbai:,kou:bavOxsbai:
29510,Kópavogsbæjar,,kou:pavoxspai:jar,kou:pavɔxspai:jar,kou:bavoxsbai:jar,kou:bavOxsbai:jar
29512,Kópavogsbær,,kou:pavoxspai:r,kou:pavɔxspai:r,kou:bavoxsbai:r,kou:bavOxsbai:r
29513,Kópavogshöfn,,kou:pavoxshœpn,kou:pavɔxshœpn,kou:bavoxsh9bn,kou:bavOxsh9bn
29517,Kópavogur,,kou:pavo:ɣʏr,kou:pavɔ:ɣʏr,kou:bavo:GYr,kou:bavO:GYr
29548,KPMG,,kau: pjɛ: em cɛ:,kau: pjɛ: ɛm cɛ:,kau:#sil#pjE:#sil#Em#sil#J_E:,
29658,kreditkort,,krɛ:titkor̥t,krɛ:titkɔr̥t,krE:didkor0d,krE:didkOr0d
29662,kreditkorti,,krɛ:titkor̥tɪ,krɛ:titkɔr̥tɪ,krE:didkor0dI,krE:didkOr0dI
29855,krosshúsið,,krɔshu:tɪð,krɔshu:sɪð,krOshu:dID,krOshu:sID
30075,kunnuglegan,,hʏnʏɣlɛɣan,kʏnʏɣlɛɣan,hYnYGlEGan,kYnYGlEGan
30321,kvikmyndahátíð,,kvɪ:kmɪntahau:tɪð,kvɪ:kmɪntahau:tið,kvI:gmIndahau:tID,kvI:gmIndahau:tiD
30322,kvikmyndahátíðinni,,kvɪ:kmɪntahau:tɪðɪnɪ,kvɪ:kmɪntahau:tiðɪnɪ,kvI:gmIndahau:tIDInI,kvI:gmIndahau:tiDInI
30819,köngulóarvefur,,kouŋkʏlouavɛ:vʏr,kœyŋkʏlouavɛ:vʏr,kouNgYlouavE:vYr,k9yNgYlouavE:vYr
30820,köngulóarvefurinn,,kouŋkʏlouavɛ:vʏrɪn,kœyŋkʏlouavɛ:vʏrɪn,kouNgYlouavE:vYrIn,k9yNgYlouavE:vYrIn
30821,köngulóarvefurinn,,kouŋkʏlouavɛvʏrɪn,kœyŋkʏlouavɛvʏrɪn,kouNgYlouavEvYrIn,k9yNgYlouavEvYrIn
30822,köngurló,,kœnkʏlou:,kœyŋkʏlou:,k9ngYlou:,k9yNgYlou:
30823,köngurlóarvefur,,kouŋkʏlouavɛvʏr,kœyŋkʏlouavɛvʏr,kouNgYlouavEvYr,k9yNgYlouavEvYr
30825,könnu,,könʏ,kœnʏ,könY,k9nY
30953,lagi,,lai::,lai:,lai::,lai:
30960,laglega,,laɣlɛɣ,laɣlɛɣa,laGlEG,laGlEGa
31096,landgræðsluna,,lantkraiðstʏna,lantkraiðstlʏna,landgraiDsdYna,landgraiDsdlYna
31097,landgræðslunnar,,lantkraiðstʏnar,lantkraiðstlʏnar,landgraiDsdYnar,landgraiDsdlYnar
31102,landhelgisgæslunnar,,lanthɛlcɪcaistlʏnar,lanthɛlcɪscaistlʏnar,landhElJ_IJ_aisdlYnar,landhElJ_IsJ_aisdlYnar
31103,landhelgisgæslunni,,lanthɛlcɪcaistlʏnɪ,lanthɛlcɪscaistlʏnɪ,landhElJ_IJ_aisdlYnI,landhElJ_IsJ_aisdlYnI
31192,landshlutaútvarp,,lantstl̥ʏtau:tvar̥p,lantstl̥ʏta u:tvar̥p,landsdl0Ydau:dvar0b,landsdl0Yda#sil#u:dvar0b
31219,landsliðshópinn,,lantstlɪðhou:pɪn,lantstlɪðshou:pɪn,landsdlIDhou:bIn,landsdlIDshou:bIn
31220,landsliðshópnum,,lantstlɪðhouhpnʏm,lantstlɪðshouhpnʏm,landsdlIDhouhbnYm,landsdlIDshouhbnYm
31476,langömmu,,laŋhœmʏ,laŋkœmʏ,laNh9mY,laNg9mY
31477,langömmu,,lauŋhœmʏ,lauŋkœmʏ,lauNh9mY,lauNg9mY
31478,langömmubörnin,,laŋhœmʏpœtnɪn,laŋkœmʏpœtnɪn,laNh9mYb9dnIn,laNg9mYb9dnIn
31479,langömmubörnin,,lauŋhœmʏpœtnɪn,lauŋkœmʏpœtnɪn,lauNh9mYb9dnIn,lauNg9mYb9dnIn
31614,Laugavegs,,lœy:ɣavexs,lœy:ɣavɛxs,l9y:GavExs,
31640,laumuhýsla,,lœy:mʏhi:sɪtla,lœy:mʏhi:stla,l9y:mYhi:sIdla,l9y:mYhi:sdla
31646,launafólks,,lœy:nfoul̥ks,lœy:nafoul̥ks,l9y:nfoul0gs,l9y:nafoul0gs
31843,Lárusdóttur,,lau:rʏstouhtUr,lau:rʏstouhtʏr,lau:rYsdouhdUr,lau:rYsdouhdYr
31926,leggja,,leca,lɛca,lEJ_a,
31931,leggst,,lɛkxt,lɛxst,lEgxd,lExsd
32020,leiðinlegir,,lei:ðɪlɛijɪr,lei:ðɪleijɪr,lei:DIleijIr,
32466,Leópoldsson,,lɛ:oupolsɔ:n,lɛ:oupɔlsɔ:n,lE:oupolsO:n,lE:oupOlsO:n
32477,lesandann,,lɛ:santa,lɛ:santan,lE:sanda,lE:sandan
32511,lestarklefanum,,lɛstarklɛ:nanʏm,lɛstarklɛ:vanʏm,lEsdarklE:nanYm,lEsdarklE:vanYm
32835,Lindaskóla,,lɪntaskoulɪ,lɪntaskoula,lIndasgoulI,lIndasgoula
32836,Lindasmára,,lɪntarsmau:ra,lɪntasmau:ra,lIndarsmau:ra,lIndasmau:ra
33154,lífsnauðsynlegt,,lifstnœyðsɪnɛxt,lifstnœyðsɪnlɛxt,lifsdn9yDsInExd,lifsdn9yDsInlExd
33310,Lísu,,li:sa,li:sʏ,li:sa,li:sY
33402,ljósbroti,,ljou:sprɔðtɪ,ljou:sprɔtɪ,ljou:sbrODdI,ljou:sbrOdI
33414,ljóshærðir,,ljous:hairðɪr,ljou:shairðɪr,ljous:hairDIr,ljou:shairDIr
33633,lofuðu,,lɔftʏðʏ,lɔfʏðʏ,lOfdYDY,lOfYDY
33798,lóan,,lou:ap,lou:an,lou:ab,lou:an
33803,lóðaúthlutun,,lou:ðau:tl̥ʏtʏn,lou:ða u:tl̥ʏtʏn,lou:Dau:dl0YdYn,lou:Da#sil#u:dl0YdYn
33881,lungnabólgu,,lu:napoulkʏ,lu:ŋnapoulkʏ,lu:naboulgY,lu:NnaboulgY
33885,lungnasjúklinga,,luŋnasjuhkliŋkar,luŋnasjuhkliŋka,luNnasjuhgliNgar,luNnasjuhgliNga
34346,löggildingarstofu,,lœɣcɪtɪltiŋkarstɔ:vʏ,lœɣcɪltiŋkarstɔ:vʏ,l9GJ_IdIldiNgarsdO:vY,l9GJ_IldiNgarsdO:vY
34578,makaskiptum,,ma:kascɪfðʏm,ma:kascɪftʏm,ma:gasJ_IfDYm,ma:gasJ_IfdYm
34744,mannréttindamálum,,manrjɛhtɪntmau:lʏm,manrjɛhtɪntamau:lʏm,manrjEhdIndmau:lYm,manrjEhdIndamau:lYm
35239,Málfríður,,maulfiðʏr,maulfriðʏr,maulfiDYr,maulfriDYr
35361,mánuðum,,mau:nʏðUm,mau:nʏðʏm,mau:nYDUm,mau:nYDYm
35389,máttlausa,,mauhtlœysra,mauhtlœysa,mauhdl9ysra,mauhdl9ysa
35608,meinti<meintI,meinti,meintɪ,,meintI,
35668,meisturunum,,meistɔrɔnʏm,meistʏrɔnʏm,meisdOrOnYm,meisdYrOnYm
35861,mergjar,,mɛr_ɲar,mɛrcar,mEr_Jar,mErJ_ar
36041,miðasölunni,,mɪ:ðsœ:lʏnɪ,mɪ:ðasœ:lʏnɪ,mI:Ds9:lYnI,mI:Das9:lYnI
36139,miður,,m:ɪðʏr,mɪ:ðʏr,m:IDYr,mI:DYr
36156,miðvikudagurinn,,mɪðvɪkʏtaɣ:ʏrɪn,mɪðvɪkʏta:ɣʏrɪn,mIDvIgYdaG:YrIn,mIDvIgYda:GYrIn
36226,Miklaholtshreppi,,mɪhklahol̥tsr̥ɛhpɪ,mɪhklahɔl̥tsr̥ɛhpɪ,mIhglahol0dsr0EhbI,mIhglahOl0dsr0EhbI
36579,Mjóafirði,,mjo:uafɪrðɪ,mjou:afɪrðɪ,mjo:uafIrDI,mjou:afIrDI
36629,Mjólkursamsalan,,mjoulkyrsamsalan,mjoulkʏrsamsalan,mjoulkyrsamsalan,mjoulkYrsamsalan
36641,Mjólkurþambarann,,mjoulkyrθamparan,mjoulkʏrθamparan,mjoulkyrTambaran,mjoulkYrTambaran
36717,mont,,mon̥t,mɔn̥t,mon0d,mOn0d
36718,mont,,mont,mɔnt,mont,mOnt
36719,monta,,mon̥ta,mɔn̥ta,mon0da,mOn0da
36720,monta,,monta,mɔnta,monta,mOnta
36721,montaði,,mon̥taðɪ,mɔn̥taðɪ,mon0daDI,mOn0daDI
36722,montaði,,montaðɪ,mɔntaðɪ,montaDI,mOntaDI
36724,montið,,mon̥tɪð,mɔn̥tɪð,mon0dID,mOn0dID
36725,montið,,montɪð,mɔntɪð,montID,mOntID
36726,montin,,mon̥tɪn,mɔn̥tɪn,mon0dIn,mOn0dIn
36727,montin,,montɪn,mɔntɪn,montIn,mOntIn
36728,montinn,,mon̥tɪn,mɔn̥tɪn,mon0dIn,mOn0dIn
36729,montinn,,montɪn,mɔntɪn,montIn,mOntIn
36992,muldi,,mʏltrɪ,mʏltɪ,mYldrI,mYldI
37041,munkinum,,muɲ̊cɪn,muɲ̊cɪnʏm,muJ0J_In,muJ0J_InYm
37042,munkinum,,muɲcɪn,muɲcɪnʏm,muJcIn,muJcInYm
37043,munkinum,,muŋ̊cɪn,muŋ̊cɪnʏm,muN0J_In,muN0J_InYm
37044,munkinum,,muŋcɪn,muŋcɪnʏm,muNcIn,muNcInYm
37177,myndatexta,,mɪntatɛkstɪ,mɪntatɛksta,mIndatEgsdI,mIndatEgsda
37178,myndatexta,,mɪntatɛxstɪ,mɪntatɛxsta,mIndatExsdI,mIndatExsda
37344,Mýrasýslu,,mi:rarsistlʏ,mi:rasistlʏ,mi:rarsisdlY,mi:rasisdlY
37444,mögnuðum,,mœtnʏðʏm,mœknʏðʏm,m9dnYDYm,m9gnYDYm
37781,námskeiði,,naumsceiðtɪ,naumsceiðɪ,naumsJ_eiDdI,naumsJ_eiDI
38147,neysluverðs,,neistlʏvɛrðS,neistlʏvɛrðs,neisdlYvErDS,neisdlYvErDs
38190,niðurgreiða,,nɪ:ðʏrkreiðstla,nɪ:ðʏrkreiða,nI:DYrgreiDsdla,nI:DYrgreiDa
38216,niðurníðslu,,nɪ:ðʏrnistlʏ,nɪ:ðʏrniðstlʏ,nI:DYrnisdlY,nI:DYrniDsdlY
38878,nærklæðunum,,nairklaiðʏm,nairklaiðɔnʏm,nairklaiDYm,nairklaiDOnYm
38906,næturdagskrá,,nai:tʏrtaskrau:,nai:tʏrtaxskrau:,nai:dYrdasgrau:,nai:dYrdaxsgrau:
38933,nöfnunum,,n̥pnɔnʏm,nœpnɔnʏm,n0bnOnYm,n9bnOnYm
39014,ofboðlítið,,ɔpɔli:tɪð,ɔvpɔðli:tɪð,ObOli:dID,OvbODli:dID
39344,orgelsins,,ɔrkɛleiksɪns,ɔrkɛlsɪns,OrgEleigsIns,OrgElsIns
39537,ódæðisverk,,ou:taðɪsvɛr̥k,ou:taiðɪsvɛr̥k,ou:daDIsvEr0g,ou:daiDIsvEr0g
39627,ógeðslega,,ou:cɛðstlɛɣra,ou:cɛðstlɛɣa,ou:J_EDsdlEGra,ou:J_EDsdlEGa
39661,ógnarstórum,,ouknarstour,ouknarstourʏm,ougnarsdour,ougnarsdourYm
39680,ógurlegan,,ou:ʏrlɛɣar,ou:ʏrlɛɣan,ou:YrlEGar,ou:YrlEGan
39931,ólýsanlega,,ou:lisanlɛɣra,ou:lisanlɛɣa,ou:lisanlEGra,ou:lisanlEGa
40019,ónotum,,ou:nɔðʏm,ou:nɔtʏm,ou:nODYm,ou:nOdYm
40245,óstjórnlegri,,ou:stourtn̥lɛɣrɪ,ou:stjourtn̥lɛɣrɪ,ou:sdourdn0lEGrI,ou:sdjourdn0lEGrI
40371,óvenjufáir,,ou:venjʏfau:ɪr,ou:vɛnjʏfau:ɪr,ou:vEnjYfau:Ir,
40474,óþyrmilega,,ou:θɪrmɪLɛɣa,ou:θɪrmɪlɛɣa,ou:TIrmILEGa,ou:TIrmIlEGa
40993,plakat,,plakað,plakat,plagaD,plagad
41164,pókerandlit,,pou:kerantlɪt,pou:kɛrantlɪt,pou:gErandlId,
41246,póstkortum,,poustkortʏm,poustkɔrtʏm,pousdkordYm,pousdkOrdYm
41266,póststofu,,pouststovʏ,pouststɔvʏ,pousdsdovY,pousdsdOvY
41724,Ragnhildar,,rakn̥hɪltʏr,rakn̥hɪltar,ragn0hIldYr,ragn0hIldar
42034,raunsæismálverk,,rœynsaijɪsmaulverk,rœynsaijɪsmaulvɛrk,r9ynsaijIsmaulvErg,
42143,ráðningu,,rauðniŋkar,rauðniŋkʏ,rauDniNgar,rauDniNgY
42565,rennihurðunum,,rɛnɪhʏrðynʏm,rɛnɪhʏrðʏnʏm,rEnIhYrDynYm,rEnIhYrDYnYm
42795,Réttarholtsveg,,rjɛhtarhɔl̥tsveɣ,rjɛhtarhɔl̥tsvɛɣ,rjEhdarhOl0dsvEG,
43137,ritvélina,,rɪ:tjɛlɪna,rɪ:tvjɛlɪna,rI:djElIna,rI:dvjElIna
43138,ritvinnslukerfin,,rɪ:tvɪnstlʏcɛrvɪ,rɪ:tvɪnstlʏcɛrvɪn,rI:dvInsdlYcErvI,rI:dvInsdlYcErvIn
43192,ríkisfjármálum,,ri:cɪsfjaurmaul,ri:cɪsfjaurmaulʏm,ri:J_Isfjaurmaul,ri:J_IsfjaurmaulYm
43394,rottur,,rɔhtʏm,rɔhtʏr,rOhdYm,rOhdYr
43433,rólegasti,,rou:lɛɣasðɪ,rou:lɛɣastɪ,rou:lEGasDI,rou:lEGasdI
43584,Runólfsdóttir,,rʏ:noulstouhtʏr,rʏ:noulstouhtɪr,rY:noulsdouhdYr,rY:noulsdouhdIr
43648,Rúmfatalagerinn,,rumfatala:ɣerɪn,rumfatala:ɣɛrɪn,rumfadala:GErIn,
43884,rækjuvinnslu,,rai:cʏvɪnstla,rai:cʏvɪnstlʏ,rai:J_YvInsdla,rai:J_YvInsdlY
43934,ræstingakonan,,raistiŋkarkɔ:nan,raistiŋkakɔ:nan,raisdiNgarkO:nan,raisdiNgakO:nan
43968,Rögnvaldsdóttir,,rœkvaltstouhtʏr,rœkvaltstouhtɪr,r9gvaldsdouhdYr,r9gvaldsdouhdIr
44081,safnhúsin,,sapn̥husɪnʏ,sapn̥husɪn,sabn0husInY,sabn0husIn
44228,samanborið,,sa:manporɪð,sa:manpɔrɪð,sa:manborID,sa:manbOrID
44232,samanbrotnum,,sa:manprohtnʏm,sa:manprɔhtnʏm,sa:manbrohdnYm,sa:manbrOhdnYm
44241,samankomið,,sa:mankomɪð,sa:mankɔmɪð,sa:mankomID,sa:mankOmID
44261,samastað,,s:masta:ð,sa:masta:ð,s:masda:D,sa:masda:D
44393,samfélagsþjónustu,,samfjɛlaxsθjou:nʏsta,samfjɛlaxsθjou:nʏstʏ,samfjElaxsTjou:nYsda,samfjElaxsTjou:nYsdY
44416,samförunum,,samfœrʏm,samfœrɔnʏm,samf9rYm,samf9rOnYm
45115,sáttasemjara,,sauhtasɛmjarɪ,sauhtasɛmjara,sauhdasEmjarI,sauhdasEmjara
45164,seðlabanki,,sɛðlapauɲ̊cɪɪ,sɛðlapauɲ̊cɪ,sEDlabauJ0J_II,sEDlabauJ0J_I
45192,segðu,,seiɣðʏ,sɛɣðʏ,seiGDY,sEGDY
45373,Selvogi,,sɛlvoijɪ,sɛlvɔijɪ,sElvoijI,sElvOijI
45544,sex,,seks,sɛks,sEgs,
45545,sex,,sexs,sɛxs,sExs,
45547,sexhundruð<sExshYndrYD,sexhundruð,sɛxshʏntrʏð,,sExshYndrYD,
45572,sextugt<sExstYxd,sextugt,sɛxstʏxt,,sExstYxd,
45622,sérhverja,,sjɛr̥kvɛr,sjɛr̥kvɛrja,sjEr0kvEr,sjEr0kvErja
45623,sérhverja,,sjɛr̥xvɛr,sjɛr̥xvɛrja,sjEr0xvEr,sjEr0xvErja
45648,sérinngangi,,sjɛ:rɪŋkauŋk,sjɛ:rɪŋkauŋkɪ,sjE:rINgauNg,sjE:rINgauNgI
45713,SH,,es hau:,ɛs hau:,Es#sil#hau:,
46131,síðarnefnda,,si:ðarnemta,si:ðarnɛmta,si:DarnEmda,
46162,síðsumar,,si:ðsʏmars,si:ðsʏmar,si:DsYmars,si:DsYmar
46196,sígarettustubbum,,si:karɛhtʏstʏpɔnʏm,si:karɛhtʏstʏpʏm,si:garEhdYsdYbOnYm,si:garEhdYsdYbYm
46243,símaráðgjöf,,si:marauðcœV,si:marauðcœv,si:marauDJ_9V,si:marauDJ_9v
46256,símbréfi,,simprjɛVɪ,simprjɛvɪ,simbrjEVI,simbrjEvI
46334,sjampói,sjampó,sjam̥pou,,sjam0bou,
46335,sjampói,sjampó,sjampou,,sjampou,
46404,Sjálfsbjargarhúsinu,,sjaulspjarkar,sjaulspjarkarhusɪnʏ,sjaulsbjargar,sjaulsbjargarhusInY
46472,sjálfsvirðingu,,sjaulsvɪrðiŋk,sjaulsvɪrðiŋkʏ,sjaulsvIrDiNg,sjaulsvIrDiNgY
46492,sjálfviljug,,sjaulsvɪljʏɣ,sjaulvɪljʏɣ,sjaulsvIljYG,sjaulvIljYG
46493,sjálfviljugur,,sjaulsvɪljʏɣʏr,sjaulvɪljʏɣʏr,sjaulsvIljYGYr,sjaulvIljYGYr
46540,sjávarútvegsráðuneytinu,,sjau:varutvɛxsrau:ðʏnei:tɪð,sjau:varutvɛxsrau:ðʏnei:tɪnʏ,sjau:varudvExsrau:DYnei:dID,sjau:varudvExsrau:DYnei:dInY
46639,sjónhverfingar,,sjounkvɛrviŋk,sjounkvɛrviŋkar,sjounkvErviNg,sjounkvErviNgar
46651,sjónskekkju,sjónskekkja,sjounscɛhca,,sjounsJ_EhJ_a,
46741,sjúkdómum,,sjuktoumnʏm,sjuktoumʏm,sjugdoumnYm,sjugdoumYm
46769,sjúkrabílinn,,sju:krapilnʏm,sju:krapilɪn,sju:grabilnYm,sju:grabilIn
47074,skattheimtu,,skahtheim̥ta,skahtheim̥tʏ,sgahdheim0da,sgahdheim0dY
47075,skattheimtu,,skahtheimta,skahtheimtʏ,sgahdheimta,sgahdheimtY
47098,skautahöllinni,,skœy:tahœtl̥ɪn,skœy:tahœtl̥ɪnɪ,sg9y:dah9dl0In,sg9y:dah9dl0InI
47269,skekur,,sj_ɛ:kʏr,scɛ:kʏr,sj_E:gYr,sJ_E:gYr
47278,skelfilegan,,scelvɪleɣan,scɛlvɪlɛɣan,sJ_ElvIlEGan,
47282,skelfilegt,,scɛlvɪlext,scɛlvɪlɛxt,sJ_ElvIlExd,
47375,skemmtileg,,scem̥tɪlɛɣ,scɛm̥tɪlɛɣ,sJ_Em0dIlEG,
47376,skemmtileg,,scemtɪlɛɣ,scɛmtɪlɛɣ,sJ_EmtIlEG,
47396,skemmtilegu,,scem̥tɪlɛɣʏ,scɛm̥tɪlɛɣʏ,sJ_Em0dIlEGY,
47397,skemmtilegu,,scemtɪlɛɣʏ,scɛmtɪlɛɣʏ,sJ_EmtIlEGY,
47487,skerpst,,scerst,scɛrst,sJ_Ersd,
47680,Skipholt,,scɪ:phol̥t,scɪ:phɔl̥t,sJ_I:bhol0d,sJ_I:bhOl0d
47681,Skipholti,,scɪ:phol̥tɪ,scɪ:phɔl̥tɪ,sJ_I:bhol0dI,sJ_I:bhOl0dI
47859,skírskota,,scir̥skɔða,scir̥skɔta,sJ_ir0sgODa,sJ_ir0sgOda
47860,skírskotar,,scir̥skɔðar,scir̥skɔtar,sJ_ir0sgODar,sJ_ir0sgOdar
47861,skírskotun,,scir̥skɔðʏn,scir̥skɔtʏn,sJ_ir0sgODYn,sJ_ir0sgOdYn
47869,skítblankir,,sci:tplaun̥kɪr,sci:tplauŋ̊kɪr,sJ_i:dblaun0gIr,sJ_i:dblauN0gIr
47870,skítblankir,,sci:tplaun̥cɪr,sci:tplauɲ̊cɪr,sJ_i:dblaun0J_Ir,sJ_i:dblauJ0J_Ir
47871,skítblankir,,sci:tplauncɪr,sci:tplauɲcɪr,sJ_i:dblauncIr,sJ_i:dblauJcIr
47872,skítblankir,,sci:tplaunkɪr,sci:tplauŋkɪr,sJ_i:dblaunkIr,sJ_i:dblauNkIr
47963,skjólið,,scou:lð,scou:lɪð,sJ_ou:lD,sJ_ou:lID
48439,skrifborðið,,skrɪpɔrðɪð,skrɪvpɔrðɪð,sgrIbOrDID,sgrIvbOrDID
48631,skurðlæknirinn,,skʏrðlaihknɪr,skʏrðlaihknɪrɪn,sgYrDlaihgnIr,sgYrDlaihgnIrIn
48684,Skútustaðahrepps,,sku:tʏstaðahrehps,sku:tʏstaðahrɛhps,sgu:dYsdaDahrEhbs,
48686,Skútuvogi,,sku:tʏvo:jɪ,sku:tʏvɔ:jɪ,sgu:dYvo:jI,sgu:dYvO:jI
48687,Skútuvogi,,sku:tʏvoi:jɪ,sku:tʏvɔi:jɪ,sgu:dYvoi:jI,sgu:dYvOi:jI
48689,skvaldrið,,skvaltrɪ,skvaltrɪð,sgvaldrI,sgvaldrID
49022,Sláturfélag,,slau:tʏrfje:laɣ,slau:tʏrfjɛ:laɣ,slau:dYrfjE:laG,
49024,Sláturfélagsins,,slau:tʏrfje:laxsɪns,slau:tʏrfjɛ:laxsɪns,slau:dYrfjE:laxsIns,
49344,Smáralindar,,smau:lɪntar,smau:ralɪntar,smau:lIndar,smau:ralIndar
49548,snarþagnaði,,stna:rθaknar,stna:rθaknaðɪ,sdna:rTagnar,sdna:rTagnaDI
49992,sódavatn,,sou:ðavahtn̥,sou:tavahtn̥,sou:Davahdn0,sou:davahdn0
50063,Sóleyjar,,sou:leija,sou:leijar,sou:leija,sou:leijar
50066,Sóleyju,,soul:leijʏ,sou:leijʏ,soul:leijY,sou:leijY
50166,spaghettíi,,spa:kɛhtijɪ,spa:khɛhtijɪ,sba:gEhdijI,sba:ghEhdijI
50167,spaghettíi,,spa:ɣɛhtijɪ,spa:xhɛhtijɪ,sba:GEhdijI,sba:xhEhdijI
50190,sparisjóða,,spa:rɪsjou:ð,spa:rɪsjou:ða,sba:rIsjou:D,sba:rIsjou:Da
50235,spákonan,,spau:kɔna,spau:kɔnan,sbau:kOna,sbau:kOnan
50245,Spánarstríðinu,,spau:narstri:tɪnʏ,spau:narstri:ðɪnʏ,sbau:narsdri:dInY,sbau:narsdri:DInY
50249,spánska,,spaunsɣa,spaunska,sbaunsGa,sbaunsga
50415,spjarirnar,,spja:rɪrntar,spja:rɪrtnar,sbja:rIrndar,sbja:rIrdnar
50417,spjótið,,spjou:tɪt,spjou:tɪð,sbjou:dId,sbjou:dID
50692,Staðarhóli,,sta:ðarhou:l,sta:ðarhou:lɪ,sda:Darhou:l,sda:Darhou:lI
50815,stakkinn,,stahɲɪn,stahcɪn,sdahJIn,sdahJ_In
50990,starfsreynslu,,starvsreinstla,starvsreinstlʏ,sdarvsreinsdla,sdarvsreinsdlY
51097,stefnunnar,,stɛpnʏna,stɛpnʏnar,sdEbnYna,sdEbnYnar
51103,stefnuskránni,,stɛpnʏskrau:,stɛpnʏskrau:nɪ,sdEbnYsgrau:,sdEbnYsgrau:nI
51313,sterklegur,,stɛr̥klɛɣʏm,stɛr̥klɛɣʏr,sdEr0glEGYm,sdEr0glEGYr
51316,sterkri,,ster̥krɪ,stɛr̥krɪ,sdEr0grI,
51379,stigamót,,stɪ:ɣamou:ð,stɪ:ɣamou:t,sdI:Gamou:D,sdI:Gamou:d
51462,stía,,stti:ja,sti:ja,sdti:ja,sdi:ja
51574,stjórnarnefnda,,stjourtnarnemta,stjourtnarnɛmta,sdjourdnarnEmda,
51705,stoðsendingar,,stɔðsɛntiŋk,stɔðsɛntiŋkar,sdODsEndiNg,sdODsEndiNgar
51801,stolt,,stol̥t,stɔl̥t,sdol0d,sdOl0d
51809,stopp,,stohp,stɔhp,sdohb,sdOhb
51935,stórkostleg,,stourœkɔstlɛɣ,stour̥kɔstlɛɣ,sdour9kOsdlEG,sdour0kOsdlEG
51936,stórkostlega,,stourœkɔstlɛɣa,stour̥kɔstlɛɣa,sdour9kOsdlEGa,sdour0kOsdlEGa
51937,stórkostlegar,,stourœkɔstlɛɣar,stour̥kɔstlɛɣar,sdour9kOsdlEGar,sdour0kOsdlEGar
51938,stórkostlegt,,stourœkɔstlɛxt,stour̥kɔstlɛxt,sdour9kOsdlExd,sdour0kOsdlExd
51939,stórkostlegu,,stourœkɔstlɛɣʏ,stour̥kɔstlɛɣʏ,sdour9kOsdlEGY,sdour0kOsdlEGY
51940,stórkostlegum,,stourœkɔstlɛɣʏm,stour̥kɔstlɛɣʏm,sdour9kOsdlEGYm,sdour0kOsdlEGYm
51941,stórkostlegur,,stourœkɔstlɛɣʏr,stour̥kɔstlɛɣʏr,sdour9kOsdlEGYr,sdour0kOsdlEGYr
51980,stórskotaliðið,,stour̥skɔtalɪ:ð,stour̥skɔtalɪ:ðɪð,sdour0sgOdalI:D,sdour0sgOdalI:DID
52112,strekktust,,strextʏst,strɛxtʏst,sdrExdYsd,
52139,stretsbuxum,,strɛtspʏksʏr,strɛtspʏksʏm,sdrEdsbYgsYr,sdrEdsbYgsYm
52140,stretsbuxum,,strɛtspʏxsʏr,strɛtspʏxsʏm,sdrEdsbYxsYr,sdrEdsbYxsYm
52141,stretsbuxur,,strɛtspʏksʏm,strɛtspʏksʏr,sdrEdsbYgsYm,sdrEdsbYgsYr
52142,stretsbuxur,,strɛtspʏxsʏm,strɛtspʏxsʏr,sdrEdsbYxsYm,sdrEdsbYxsYr
52267,strætisvagninum,,strai:tɪsvaknɪnʏ,strai:tɪsvaknɪnʏm,sdrai:dIsvagnInY,sdrai:dIsvagnInYm
52288,studdur,,stʏtʏst,stʏtʏr,sdYdYsd,sdYdYr
52307,stuðningsfundir,,stʏðniŋksfʏntʏr,stʏðniŋksfʏntɪr,sdYDniNgsfYndYr,sdYDniNgsfYndIr
52308,stuðningsfundir,,stʏðniŋsfʏntʏr,stʏðniŋsfʏntɪr,sdYDniNsfYndYr,sdYDniNsfYndIr
52456,stúdentinns,,stu:tɛn̥tsɪns,stu:tɛn̥tɪns,sdu:dEn0dsIns,sdu:dEn0dIns
52457,stúdentinns,,stu:tɛntsɪns,stu:tɛntɪns,sdu:dEntsIns,sdu:dEntIns
52467,stúdentspróf,,stu:tɛnttsprou:v,stu:tɛntsprou:v,sdu:dEntdsprou:v,sdu:dEntsprou:v
52469,stúdentsprófi,,stu:tɛnttsprou:ɪ,stu:tɛntsprou:ɪ,sdu:dEntdsprou:I,sdu:dEntsprou:I
52581,styrkst,,stɪr̥st,stɪr̥kst,sdIr0sd,sdIr0gsd
52741,stöðuhækkun,,stœð:ʏhaihkʏn,stœ:ðʏhaihkʏn,sd9D:YhaihgYn,sd9:DYhaihgYn
52760,stöðvaðir,,stœðvaðɪ,stœðvaðɪr,sd9DvaDI,sd9DvaDIr
52894,Suðvesturlandi,suðvesturland,sʏ:ðvɛstʏrlant,,sY:DvEsdYrland,
52895,Suðvesturlandi,suðvesturland,sʏðvɛstʏrlant,,sYDvEsdYrland,
52951,sumarkjól,,sʏ:marçou:l,sʏ:marcou:l,sY:marCou:l,sY:marcou:l
53084,sunnudagsblaði,,sʏnʏtaxsplaðsɪns,sʏnʏtaxsplaðɪ,sYnYdaxsblaDsIns,sYnYdaxsblaDI
53113,Súðarvogi,,su:ðarvo:jɪ,su:ðarvɔ:jɪ,su:Darvo:jI,su:DarvO:jI
53114,Súðarvogi,,su:ðarvoijɪ,su:ðarvɔijɪ,su:DarvoijI,su:DarvOijI
53125,Súlnasal,,sulnas:l,sulnasa:l,sulnas:l,sulnasa:l
53145,súrt,,su0rt,sur̥t,su0rd,sur0d
53327,sveifinni,,svei:vɪna,svei:vɪnɪ,svei:vIna,svei:vInI
53395,sveinsprófi,,sveinsprouv,sveinsprouvɪ,sveinsprouv,sveinsprouvI
53421,sveitaprests,,svei:tapres,svei:taprɛs,svei:daprEs,
53686,svínaríi,,svi:nariji,svi:narijɪ,svi:nariji,svi:narijI
53706,Svíþjóðar,,svi:θjouð,svi:θjouðar,svi:TjouD,svi:TjouDar
53708,svohljóðandi,,svɔ:l̥ouðantɪ,svɔ:l̥jouðantɪ,svO:l0ouDandI,svO:l0jouDandI
53940,sýningargesta,,si:niŋkarɲɛsta,si:niŋkarcɛsta,si:niNgarJEsda,si:niNgarJ_Esda
54176,söguhetjan,,sœ:ɣʏhɛ:tja,sœ:ɣʏhɛ:tjan,s9:GYhE:dja,s9:GYhE:djan
54198,sögusetrinu,,sœ:ɣʏsɛ:trɪ,sœ:ɣʏsɛ:trɪnʏ,s9:GYsE:drI,s9:GYsE:drInY
54257,söluumboði,,sœ:lʏʏmpɔð,sœ:lʏʏmpɔðɪ,s9:lYYmbOD,s9:lYYmbODI
54382,taka,,ta:ka\,ta:ka,ta:ga\,ta:ga
54418,takmörkuðu,,takmœr̥kʏðʏ\,ta:kmœr̥kʏðʏ,tagm9r0gYDY\,ta:gm9r0gYDY
54439,tala,,ta:la\,ta:la,ta:la\,ta:la
54441,talað,,ta:lað\,ta:lað,ta:laD\,ta:laD
54443,talaði,,ta:laðɪ\,ta:laðɪ,ta:laDI\,ta:laDI
54485,talsmönnum,,talsmœnʏm\,talsmœnʏm,talsm9nYm\,talsm9nYm
54530,tanna,,tana\,tana,tana\,tana
54532,tannanna,,tanana\,tanana,tanana\,tanana
54570,tappann,,tahpan\,tahpan,tahban\,tahban
54588,taugar,,tœy:ɣar\,tœy:ɣar,t9y:Gar\,t9y:Gar
54615,tautaði,,tœy:taðɪ\,tœy:taðɪ,t9y:daDI\,t9y:daDI
54626,tágakörfunni,,tau:akœrvʏnɪ\,tau:akœrvʏnɪ,tau:ak9rvYnI\,tau:ak9rvYnI
54663,támjóu,,taumjouʏ\,taumjouʏ,taumjouY\,taumjouY
54669,tár,,tau:r\,tau:r,tau:r\,tau:r
54674,tárin,,tau:rɪn\,tau:rɪn,tau:rIn\,tau:rIn
54694,tegund,,tɛ:ɣʏnt\,tɛ:ɣʏnt,tE:GYnd\,tE:GYnd
54745,Teitsson,,teitsɔn\,teitsɔn,teidsOn\,teidsOn
54748,tek,,tɛ:k\,tɛ:k,tE:g\,tE:g
54751,tekið,,tɛ:cɪð\,tɛ:cɪð,tE:J_ID\,tE:J_ID
54755,tekist,,tɛ:cɪst\,tɛ:cɪst,tE:J_Isd\,tE:J_Isd
54787,tekur,,tɛ:kʏr\,tɛ:kʏr,tE:gYr\,tE:gYr
54791,teldist,,tɛltʏst,tɛltɪst,tEldYsd,tEldIsd
54828,tengdaforeldra,,teiŋtafɔ:rɛltra\,teiŋtafɔ:rɛltra,teiNdafO:rEldra\,teiNdafO:rEldra
54854,tengi,,teiɲcɪ\,teiɲcɪ,teiJJ_I\,teiJJ_I
54869,tengist,,teiɲcɪst\,teiɲcɪst,teiJJ_Isd\,teiJJ_Isd
54879,tengslin,,teiŋslɪn\,teiŋslɪn,teiNslIn\,teiNslIn
54904,Teresu,,tɛ:rɛsʏ\,tɛ:rɛsʏ,tE:rEsY\,tE:rEsY
54907,tertufatið,,tɛr̥tʏfa:tɪð\,tɛr̥tʏfa:tɪð,tEr0dYfa:dID\,tEr0dYfa:dID
54912,teskeiðina,,tɛ:sceiðɪna\,tɛ:sceiðɪna,tE:sJ_eiDIna\,tE:sJ_eiDIna
54970,teygði,,teiɣðɪ\,teiɣðɪ,teiGDI\,teiGDI
54994,Tékkland,,tjɛhklant\,tjɛhklant,tjEhgland\,tjEhgland
54996,Tékklandi,,tjɛhklantɪ\,tjɛhklantɪ,tjEhglandI\,tjEhglandI
54998,Tékklands,,tjɛhklans\,tjɛhklans,tjEhglans\,tjEhglans
55005,tfraflautunni,töfraflautunni,tœvraflœy:tʏnɪ,,t9vrafl9y:dYnI,
55007,Thelma,,tɛlma\,tɛlma,tElma\,tElma
55008,Thelmu,,tɛlmʏ\,tɛlmʏ,tElmY\,tElmY
55013,Theódórsdóttir,,tɛ:outour̥stouhtɪr\,tɛ:outour̥stouhtɪr,tE:oudour0sdouhdIr\,tE:oudour0sdouhdIr
55014,Theódórsson,,tɛ:outour̥sɔ:n\,tɛ:outour̥sɔ:n,tE:oudour0sO:n\,tE:oudour0sO:n
55016,Thomsen,,tɔmsɛn\,tɔmsɛn,tOmsEn\,tOmsEn
55019,Thordarson,,tourtarsɔ:n\,tourtarsɔ:n,tourdarsO:n\,tourdarsO:n
55021,Thoroddsen,,torɔtsɛ:n\,tourɔtsɛ:n,torOdsE:n\,tourOdsE:n
55025,Thorsson,,tor̥sɔn\,tour̥sɔn,tor0sOn\,tour0sOn
55029,Thorsteinsson,,tɔr̥steinsɔ:n\,tɔr̥steinsɔ:n,tOr0sdeinsO:n\,tOr0sdeinsO:n
55043,til,,tɪ:L,tɪ:l,tI:L,tI:l
55044,til,,tɪ:l\,tɪ:l,tI:l\,tI:l
55045,tilbaka,,tɪlpa:ka\,tɪlpa:ka,tIlba:ga\,tIlba:ga
55072,tilbúinn,,tɪlpuɪn\,tɪlpuɪn,tIlbuIn\,tIlbuIn
55101,tilfellum,,tɪlfɛtlʏm\,tɪlfɛtlʏm,tIlfEdlYm\,tIlfEdlYm
55123,tilfinninguna,,tɪlfɪniŋkʏna\,tɪlfɪniŋkʏna,tIlfIniNgYna\,tIlfIniNgYna
55164,tilheyrði,,tɪ:lheirðɪ\,tɪ:lheirðɪ,tI:lheirDI\,tI:lheirDI
55168,tilheyrir,,tɪ:lheirɪr\,tɪ:lheirɪr,tI:lheirIr\,tI:lheirIr
55219,tilliti,,tɪlɪtɪ\,tɪlɪtɪ,tIlIdI\,tIlIdI
55225,tillöguna,,tɪl̥ɣʏna,tɪlœɣʏna,tIl0GYna,tIl9GYna
55287,tilstilli,,tɪlstɪtlɪ\,tɪlstɪtlɪ,tIlsdIdlI\,tIlsdIdlI
55297,tiltakanlega,,tɪltakanlɛɣa\,tɪltakanlɛɣa,tIltaganlEGa\,tIltaganlEGa
55412,titrandi,,tɪ:trantɪ\,tɪ:trantɪ,tI:drandI\,tI:drandI
55430,tíðindi,,ti:ðɪntɪ\,ti:ðɪntɪ,ti:DIndI\,ti:DIndI
55450,tíma,,ti:ma\,ti:ma,ti:ma\,ti:ma
55478,tímann,,ti:man\,ti:man,ti:man\,ti:man
55481,tímans,,ti:mans\,ti:mans,ti:mans\,ti:mans
55483,tímanum,,ti:manʏm\,ti:manʏm,ti:manYm\,ti:manYm
55497,tímaritum,,ti:marɪ:tʏm\,ti:marɪ:tʏm,ti:marI:dYm\,ti:marI:dYm
55526,tískulína,,tiskʏli:na\,tiskʏli:na,tisgYli:na\,tisgYli:na
55535,títt,,tiht\,tiht,tihd\,tihd
55537,tíu,,ti:jʏ\,ti:jʏ,ti:jY\,ti:jY
55540,tíuleytið,,ti:jʏlei:tɪð\,ti:jʏlei:tɪð,ti:jYlei:dID\,ti:jYlei:dID
55558,tjaldið,,tjaltɪð\,tjaltɪð,tjaldID\,tjaldID
55567,Tjarnarbíói,,tjartnarpi:jou,tjartnarpi:jouɪ,tjardnarbi:jou,tjardnarbi:jouI
55580,tjáð,,tjau:ð\,tjau:ð,tjau:D\,tjau:D
55604,tjöldin,,tjœltɪn\,tjœltɪn,tj9ldIn\,tj9ldIn
55607,tjörguðu,,tjœrkʏðʏ\,tjœrkʏðʏ,tj9rgYDY\,tj9rgYDY
55609,Tjörnesi,,tjœrnɛsɪ\,tjœrnɛsɪ,tj9rnEsI\,tj9rnEsI
55628,togaði,,tɔ:ɣaðɪ\,tɔ:ɣaðɪ,tO:GaDI\,tO:GaDI
55647,toguðust,,tɔ:ɣʏðʏst\,tɔ:ɣʏðʏst,tO:GYDYsd\,tO:GYDYsd
55701,Torfadóttir,,tɔrvatouhtɪr\,tɔrvatouhtɪr,tOrvadouhdIr\,tOrvadouhdIr
55702,Torfadóttur,,tɔrvatouhtʏr\,tɔrvatouhtʏr,tOrvadouhdYr\,tOrvadouhdYr
55704,Torfason,,tɔrvasɔ:n\,tɔrvasɔ:n,tOrvasO:n\,tOrvasO:n
55707,Torfasonar,,tɔrvasɔ:nar\,tɔrvasɔ:nar,tOrvasO:nar\,tOrvasO:nar
55711,torfbæinn,,tɔrvpaijɪn\,tɔrvpaijɪn,tOrvbaijIn\,tOrvbaijIn
55715,Torfi,,tɔrvɪ\,tɔrvɪ,tOrvI\,tOrvI
55719,Torfunesi,,tɔrvʏnɛsɪ\,tɔrvʏnɛsɪ,tOrvYnEsI\,tOrvYnEsI
55726,torginu,,tɔrcɪnʏ\,tɔrcɪnʏ,tOrJ_InY\,tOrJ_InY
55732,tortíma,,tɔr̥tima\,tɔr̥tima,tOr0tima\,tOr0tima
55734,tortímingar,,tɔr̥timiŋkar\,tɔr̥timiŋkar,tOr0timiNgar\,tOr0timiNgar
55752,tóbaksgulra,,tou:pakskʏlra\,tou:pakskʏlra,tou:bagsgYlra\,tou:bagsgYlra
55754,tóbaksreyk,,tou:paksrei:k\,tou:paksrei:k,tou:bagsrei:g\,tou:bagsrei:g
55756,tóbaksverslun,,tou:paksvɛslʏn\,tou:paksvɛslʏn,tou:bagsvEslYn\,tou:bagsvEslYn
55758,tófa,,tou:va\,tou:va,tou:va\,tou:va
55766,tók,,tou:k\,tou:k,tou:g\,tou:g
55773,tóku,,tou:kʏ\,tou:kʏ,tou:gY\,tou:gY
55776,tókum,,tou:kʏm\,tou:kʏm,tou:gYm\,tou:gYm
55782,tólf,,toulv\,toulv,toulv\,toulv
55796,Tómas,,tou:mas\,tou:mas,tou:mas\,tou:mas
55800,Tómasdóttir,,tou:mastouhtɪr\,tou:mastouhtɪr,tou:masdouhdIr\,tou:masdouhdIr
55802,Tómasdóttur,,tou:mastouhtʏr\,tou:mastouhtʏr,tou:masdouhdYr\,tou:masdouhdYr
55804,Tómasi,,tou:masɪ\,tou:masɪ,tou:masI\,tou:masI
55806,Tómasson,,tou:masɔ:n\,tou:masɔ:n,tou:masO:n\,tou:masO:n
55808,Tómassonar,,tou:masɔ:nar\,tou:masɔ:nar,tou:masO:nar\,tou:masO:nar
55810,Tómassyni,,tou:masɪ:nɪ\,tou:masɪ:nɪ,tou:masI:nI\,tou:masI:nI
55813,tómatar,,tou:matar\,tou:matar,tou:madar\,tou:madar
55872,tónleikunum,,tounleikɔnʏm\,tounleikɔnʏm,tounleigOnYm\,tounleigOnYm
55909,tónlistarskólakennara,,tounlɪstarcɛnara,tounlɪstarskou:lacɛnara,tounlIsdarcEnara,tounlIsdarsgou:lacEnara
55967,Traustadóttir,,trœystatouhtɪr\,trœystatouhtɪr,tr9ysdadouhdIr\,tr9ysdadouhdIr
56001,treyja,,trei:ja\,trei:ja,trei:ja\,trei:ja
56008,treysta,,treista\,treista,treisda\,treisda
56011,treysti,,treistɪ\,treistɪ,treisdI\,treisdI
56018,tré,,trjɛ:\,trjɛ:,trjE:\,trjE:
56029,Trékyllisvík,,trjɛ:cɪtlɪsvi:k\,trjɛ:cɪtlɪsvi:k,trjE:cIdlIsvi:g\,trjE:cIdlIsvi:g
56031,trén,,trjɛ:n\,trjɛ:n,trjE:n\,trjE:n
56043,trippið,,trɪhpɪð\,trɪhpɪð,trIhbID\,trIhbID
56056,trjábörk,,trjau:pœr̥k\,trjau:pœr̥k,trjau:b9r0g\,trjau:b9r0g
56059,trjágreinar,,trjaukreinar\,trjau:kreinar,trjaugreinar\,trjau:greinar
56078,troðningi,,trɔðniŋkɪ\,trɔðniŋkɪ,trODniNgI\,trODniNgI
56107,tróð,,trou:ð\,trou:ð,trou:D\,trou:D
56115,trufla,,trʏpla\,trʏpla,trYbla\,trYbla
56117,truflað,,trʏplað\,trʏplað,trYblaD\,trYblaD
56123,truflar,,trʏplar\,trʏplar,trYblar\,trYblar
56131,trúa,,tru:a\,tru:a,tru:a\,tru:a
56159,trúðar,,tru:ðar\,tru:ðar,tru:Dar\,tru:Dar
56166,trúi,,tru:ɪ\,tru:ɪ,tru:I\,tru:I
56198,trútt,,truht\,truht,truhd\,truhd
56250,Tryggvadóttir,,trɪkvatouhtɪr\,trɪkvatouhtɪr,trIgvadouhdIr\,trIgvadouhdIr
56252,Tryggvadóttur,,trɪkvatouhtʏr\,trɪkvatouhtʏr,trIgvadouhdYr\,trIgvadouhdYr
56254,Tryggvagata,,trɪkvaka:ta\,trɪkvaka:ta,trIgvaga:da\,trIgvaga:da
56256,Tryggvagötu,,trɪkvakœ:tʏ\,trɪkvakœ:tʏ,trIgvag9:dY\,trIgvag9:dY
56258,Tryggvason,,trɪkvasɔ:n\,trɪkvasɔ:n,trIgvasO:n\,trIgvasO:n
56260,Tryggvasonar,,trɪkvasɔ:nar\,trɪkvasɔ:nar,trIgvasO:nar\,trIgvasO:nar
56261,Tryggvasyni,,trɪkvasɪ:nɪ\,trɪkvasɪ:nɪ,trIgvasI:nI\,trIgvasI:nI
56283,tröppum,,trœhpʏm\,trœhpʏm,tr9hbYm\,tr9hbYm
56287,tröppunum,,trœhpɔnʏm\,trœhpɔnʏm,tr9hbOnYm\,tr9hbOnYm
56289,tröppur,,trœhpʏr\,trœhpʏr,tr9hbYr\,tr9hbYr
56291,tröppurnar,,trœhpʏtnar\,trœhpʏtnar,tr9hbYdnar\,tr9hbYdnar
56342,Tungudal,,tuŋkʏta:l\,tuŋkʏta:l,tuNgYda:l\,tuNgYda:l
56350,tungumáli,,tuŋkʏmau:lɪ\,tuŋkʏmau:lɪ,tuNgYmau:lI\,tuNgYmau:lI
56362,Tunguvegi,,tuŋkʏvei:jɪ\,tuŋkʏvei:jɪ,tuNgYvei:jI\,tuNgYvei:jI
56389,tuttugu,,tʏhtʏɣʏ\,tʏhtʏɣʏ,tYhdYGY\,tYhdYGY
56417,Túngötu,,tunkœtʏ\,tunkœtʏ,tung9dY\,tung9dY
56421,túnin,,tu:nɪn\,tu:nɪn,tu:nIn\,tu:nIn
56434,túttu,,tuhtʏ\,tuhtʏ,tuhdY\,tuhdY
56436,tveggja,,tvɛca\,tvɛca,tvEJ_a\,tvEJ_a
56443,tveir,,tvei:r\,tvei:r,tvei:r\,tvei:r
56445,tvenn,,tvɛn\,tvɛn,tvEn\,tvEn
56448,tvennar,,tvɛnar\,tvɛnar,tvEnar\,tvEnar
56451,tvennir,,tvɛnɪr\,tvɛnɪr,tvEnIr\,tvEnIr
56461,tvisvar,,tvɪ:svar\,tvɪ:svar,tvI:svar\,tvI:svar
56527,tvo,,tvɔ:\,tvɔ:,tvO:\,tvO:
56529,tvær,,tvai:r\,tvai:r,tvai:r\,tvai:r
56531,tvö,,tvœ:\,tvœ:,tv9:\,tv9:
56544,tyggigúmmí,,tɪcɪkumɪ,tɪcɪkumi,tIJ_IgumI,tIJ_Igumi
56545,tyggigúmmíið,,tɪcɪkumijɪð\,tɪcɪkumijɪð,tIJ_IgumijID\,tIJ_IgumijID
56546,tyggigúmmíinu,,tɪcɪkumijɪnʏ\,tɪcɪkumijɪnʏ,tIJ_IgumijInY\,tIJ_IgumijInY
56550,tyggjóið,,tɪcouɪð\,tɪcouɪð,tIJ_ouID\,tIJ_ouID
56551,tyggjóinu,,tɪcouɪnʏ\,tɪcouɪnʏ,tIJ_ouInY\,tIJ_ouInY
56563,Tyrfingsson,,tɪrviŋksɔn\,tɪrviŋksɔn,tIrviNgsOn\,tIrviNgsOn
56569,Tyrkland,,tɪr̥klant\,tɪr̥klant,tIr0gland\,tIr0gland
56571,Tyrklandi,,tɪr̥klantɪ\,tɪr̥klantɪ,tIr0glandI\,tIr0glandI
56573,Tyrklands,,tɪr̥klans\,tɪr̥klans,tIr0glans\,tIr0glans
56592,týtuberjasultu,,ti:tʏpɛrjasʏl̥tʏ\,ti:tʏpɛrjasʏl̥tʏ,ti:dYbErjasYl0dY\,ti:dYbErjasYl0dY
56604,tækin,,tai:cɪn\,tai:cɪn,tai:J_In\,tai:J_In
56656,tæpan,,tai:pan\,tai:pan,tai:ban\,tai:ban
56673,tæringin,,tai:riɲcɪn\,tai:riɲcɪn,tai:riJJ_In\,tai:riJJ_In
56711,tökum,,tœ:kʏm\,tœ:kʏm,t9:gYm\,t9:gYm
56716,töldu,,tœltʏ\,tœltʏ,t9ldY\,t9ldY
56765,TölvuMyndir,,tœlvʏmɪntɪr\,tœlvʏmɪntɪr,t9lvYmIndIr\,t9lvYmIndIr
56793,tönnunum,,tœnɔnʏm\,tœnɔnʏm,t9nOnYm\,t9nOnYm
56795,töpuð,,tœ:pʏð\,tœ:pʏð,t9:bYD\,t9:bYD
56853,umboðsmann,,ʏmpɔðsmans,ʏmpɔðsman,YmbODsmans,YmbODsman
56989,umhverfi,,ʏmkxvɛrvɪ,ʏmxvɛrvɪ,YmkxvErvI,YmxvErvI
56991,umhverfið,,ʏmkxvɛrvɪð,ʏmxvɛrvɪð,YmkxvErvID,YmxvErvID
56993,umhverfinu,,ʏmkxvɛrvɪnʏ,ʏmxvɛrvɪnʏ,YmkxvErvInY,YmxvErvInY
56995,umhverfis,,ʏmkxvɛrvɪs,ʏmxvɛrvɪs,YmkxvErvIs,YmxvErvIs
56997,umhverfisáhrif,,ʏmkxvɛrvɪsau:r̥ɪv,ʏmxvɛrvɪsau:r̥ɪv,YmkxvErvIsau:r0Iv,YmxvErvIsau:r0Iv
57095,umrenningar,,ʏmrɛniŋkʏar,ʏmrɛniŋkar,YmrEniNgYar,YmrEniNgar
57428,ungling,,uŋliŋkʏr,uŋliŋk,uNliNgYr,uNliNg
57667,upphafsstigum,,ʏhpavstɪɣʏm,ʏhphavstɪɣʏm,YhbavsdIGYm,YhbhavsdIGYm
58099,úrskeiðis,,ur̥scɛðɪs,ur̥sceiðɪs,ur0sJ_EDIs,ur0sJ_eiDIs
58145,úrvalsdeildarliðið,,urvalsteitlarlɪð,urvalsteiltarlɪðɪð,urvalsdeidlarlID,urvalsdeildarlIDID
58191,útbreiðsla,,u:tpreitstla,u:tpreiðstla,u:dbreidsdla,u:dbreiDsdla
58192,útbreiðslu,,u:tpreitstlʏ,u:tpreiðstlʏ,u:dbreidsdlY,u:dbreiDsdlY
58269,útgefendur,,u:t_ɛvɛntʏr,u:tcɛvɛntʏr,u:d_EvEndYr,u:dJ_EvEndYr
58695,vakti,,vaxðɪ,vaxtɪ,vaxDI,vaxdI
58749,Valgarð,,valkarðɪ,valkarð,valgarDI,valgarD
58868,vandfyllt,,vantfʏl̥t,vantfɪl̥t,vandfYl0d,vandfIl0d
58915,vangefinna,,vaɲcɛvɪn,vaɲcɛvɪna,vaJJ_EvIn,vaJJ_EvIna
59143,Varnarmálaráðuneytisins,,vartnarmaularau:ðʏei:tɪsɪns,vartnarmaularau:ðʏnei:tɪsɪns,vardnarmaularau:DYei:dIsIns,vardnarmaularau:DYnei:dIsIns
59406,vefjagigtarhópar,,vɛvjarcɪxtarhou:par,vɛvjacɪxtarhou:par,vEvjarJ_Ixdarhou:bar,vEvjaJ_Ixdarhou:bar
59407,vefjagigtarhópur,,vɛvjarcɪxtarhou:pʏr,vɛvjacɪxtarhou:pʏr,vEvjarJ_Ixdarhou:bYr,vEvjaJ_Ixdarhou:bYr
59934,verðskuldaðri,,vɛrtskʏltaðrɪ,vɛrðskʏltaðrɪ,vErdsgYldaDrI,vErDsgYldaDrI
59982,verkamannaflokkinn,,vɛr̥kamanaflɔhkʏrɪn,vɛr̥kamanaflɔhcɪn,vEr0gamanaflOhgYrIn,vEr0gamanaflOhJ_In
60297,Vestmannaeyinga,,vɛstmaneijiŋka,vɛstmanaeijiŋka,vEsdmaneijiNga,vEsdmanaeijiNga
60298,Vestmannaeyingar,,vɛstmaneijiŋkar,vɛstmanaeijiŋkar,vEsdmaneijiNgar,vEsdmanaeijiNgar
60299,Vestmannaeyja,,vɛstmanei:ja,vɛstmanaei:ja,vEsdmanei:ja,vEsdmanaei:ja
60300,Vestmannaeyja,,vɛstmaneija,vɛstmanaeija,vEsdmaneija,vEsdmanaeija
60301,Vestmannaeyjabæjar,,vɛstmanei:japai:jar,vɛstmanaei:japai:jar,vEsdmanei:jabai:jar,vEsdmanaei:jabai:jar
60302,Vestmannaeyjar,,vɛstmanei:jar,vɛstmanaei:jar,vEsdmanei:jar,vEsdmanaei:jar
60303,Vestmannaeyjar,,vɛstmaneijar,vɛstmanaeijar,vEsdmaneijar,vEsdmanaeijar
60304,Vestmannaeyjum,,vɛstmanei:jʏm,vɛstmanaei:jʏm,vEsdmanei:jYm,vEsdmanaei:jYm
60305,Vestmannaeyjum,,vɛstmaneijʏm,vɛstmanaeijʏm,vEsdmaneijYm,vEsdmanaeijYm
60370,Vestur-Þýskalands,,vɛstʏr θiskalant,vɛstʏr θiskalants,vEsdYr#sil#Tisgaland,vEsdYr#sil#Tisgalands
60504,viðbjóði,,vɪðjouðɪ,vɪðpjouðɪ,vIDjouDI,vIDbjouDI
60595,viðkunnanlegt,,vɪðkʏnalɛxt,vɪðkʏnanlɛxt,vIDkYnalExd,vIDkYnanlExd
60914,viljirðu,,vɪjɪrʏ,vɪljɪrʏ,vIjIrY,vIljIrY
61525,Víglundur,,vɪɣlʏntʏr,viɣlʏntʏr,vIGlYndYr,viGlYndYr
61543,víkingi,,vi:ciŋk,vi:ciɲcɪ,vi:J_iNg,vi:J_iJJ_I
61718,voldugu,,vɔltʏɣʏr,vɔltʏɣʏ,vOldYGYr,vOldYGY
61745,Vonarstræti,,vɔ:nstrai:tɪ,vɔ:narstrai:tɪ,vO:nsdrai:dI,vO:narsdrai:dI
62141,Waage,,vo:ɣɛ,vɔ:ɣɛ,vo:GE,vO:GE
62214,yfirgæfi,,ɪ:vɪrknai:vɪ,ɪ:vɪrcai:vɪ,I:vIrgnai:vI,I:vIrJ_ai:vI
63264,Þorsteins,,θɔ0rsteins,θɔr̥steins,TO0rsdeins,TOr0sdeins
63392,þóttmikill,,θrouhtmɪcɪtl̥,θouhtmɪcɪtl̥,TrouhdmIJ_Idl0,TouhdmIJ_Idl0
63483,þrengdu,,θreiŋtʏst,θreiŋtʏ,TreiNdYsd,TreiNdY
63797,þungarokksvídeói,,θuŋkarɔhksvitjouɪ,θuŋkarɔhksvitɛouɪ,TuNgarOhgsvidjouI,TuNgarOhgsvidEouI
63935,þverfaglegt,,θvɛ0faɣlɛxt,θvɛr̥faɣlɛxt,TvE0faGlExd,TvEr0faGlExd
63980,þvottaherbergi,,θvɔhtahɛrpɪcɪ,θvɔhtahɛrpɛcɪ,TvOhdahErbIJ_I,TvOhdahErbEJ_I
64179,þögnuðu,,θœknɪnɪ,θœknʏðʏ,T9gnInI,T9gnYDY
64224,æðisgenginn,,ai:ðɪsceicɪn,ai:ðɪsceiɲcɪn,ai:DIsJ_eiJ_In,ai:DIsJ_eiJJ_In
64546,öðruvísi,,œðrʏisɪ,œðrʏvisɪ,9DrYisI,9DrYvisI
64554,öfluga,,œklʏɣa,œplʏɣa,9glYGa,9blYGa
64819,Örnólfsdóttur,,œrtnoulvstouhtɪr,œrtnoulvstouhtʏr,9rdnoulvsdouhdIr,9rdnoulvsdouhdYr
